Session ID,Timestamp,Event Code
,2026-07-18 08:24:26,REQUIREMENTS_SUBMITTED
,2026-07-18 08:24:41,LESSON_GENERATED
,2026-07-18 08:24:53,EVALUATION_GENERATED
,2026-07-18 08:26:21,LESSON_REFINED
,2026-07-18 08:26:27,PDF_EXPORTED
Priya,Generic,2026-07-18 11:38:29,SESSION_START
Priya,Generic,2026-07-18 11:48:48,SESSION_START
Vishnu,Generic,2026-07-18 11:52:09,SESSION_START
Vishnu,Generic,2026-07-18 12:00:54,SESSION_START
Vishnu,Generic,2026-07-18 12:01:52,SESSION_START
Vishnu,Generic,2026-07-18 12:01:58,SESSION_START
Vishnu,Generic,2026-07-18 12:02:19,SESSION_START
Priya,Scaffolded,2026-07-18 12:03:49,REQUIREMENTS_SUBMITTED
